<?xml version="1.0"?>
<doc>
    <assembly>
        <name>SharpSnmpLib.Engine</name>
    </assembly>
    <members>
        <member name="T:Lextm.SharpSnmpLib.Objects.IfAdminStatus">
            <summary>
            ifAdminStatus object.
            </summary>
        </member>
        <member name="T:Lextm.SharpSnmpLib.Pipeline.ScalarObject">
            <summary>
            Scalar object interface.
            </summary>
        </member>
        <member name="T:Lextm.SharpSnmpLib.Pipeline.SnmpObjectBase">
            <summary>
            SNMP basic object.
            </summary>
        </member>
        <member name="T:Lextm.SharpSnmpLib.Pipeline.ISnmpObject">
            <summary>
            SNMP object.
            </summary>
        </member>
        <member name="M:Lextm.SharpSnmpLib.Pipeline.ISnmpObject.MatchGetNext(Lextm.SharpSnmpLib.ObjectIdentifier)">
            <summary>
            Matches the GET NEXT criteria.
            </summary>
            <param name="id">The ID in GET NEXT message.</param>
            <returns><c>null</c> if it does not match.</returns>
        </member>
        <member name="M:Lextm.SharpSnmpLib.Pipeline.ISnmpObject.MatchGet(Lextm.SharpSnmpLib.ObjectIdentifier)">
            <summary>
            Matches the GET criteria.
            </summary>
            <param name="id">The ID in GET message.</param>
            <returns><c>null</c> if it does not match.</returns>
        </member>
        <member name="M:Lextm.SharpSnmpLib.Pipeline.SnmpObjectBase.MatchGetNext(Lextm.SharpSnmpLib.ObjectIdentifier)">
            <summary>
            Matches the GET NEXT criteria.
            </summary>
            <param name="id">The ID in GET NEXT message.</param>
            <returns><c>null</c> if it does not match.</returns>
        </member>
        <member name="M:Lextm.SharpSnmpLib.Pipeline.SnmpObjectBase.MatchGet(Lextm.SharpSnmpLib.ObjectIdentifier)">
            <summary>
            Matches the GET criteria.
            </summary>
            <param name="id">The ID in GET message.</param>
            <returns><c>null</c> if it does not match.</returns>
        </member>
        <member name="M:Lextm.SharpSnmpLib.Pipeline.ScalarObject.#ctor(Lextm.SharpSnmpLib.ObjectIdentifier)">
            <summary>
            Initializes a new instance of the <see cref="T:Lextm.SharpSnmpLib.Pipeline.ScalarObject"/> class.
            </summary>
            <param name="id">The ID.</param>
        </member>
        <member name="M:Lextm.SharpSnmpLib.Pipeline.ScalarObject.#ctor(System.String)">
            <summary>
            Initializes a new instance of the <see cref="T:Lextm.SharpSnmpLib.Pipeline.ScalarObject"/> class.
            </summary>
            <param name="dots">The ID string.</param>
        </member>
        <member name="M:Lextm.SharpSnmpLib.Pipeline.ScalarObject.#ctor(System.String,System.Int32)">
            <summary>
            Initializes a new instance of the <see cref="T:Lextm.SharpSnmpLib.Pipeline.ScalarObject"/> class.
            </summary>
            <param name="dots">The ID string.</param>
            <param name="index">The index.</param>
        </member>
        <member name="M:Lextm.SharpSnmpLib.Pipeline.ScalarObject.MatchGetNext(Lextm.SharpSnmpLib.ObjectIdentifier)">
            <summary>
            Matches the GET NEXT criteria.
            </summary>
            <param name="id">The ID in GET NEXT message.</param>
            <returns><c>null</c> if it does not match.</returns>
        </member>
        <member name="M:Lextm.SharpSnmpLib.Pipeline.ScalarObject.MatchGet(Lextm.SharpSnmpLib.ObjectIdentifier)">
            <summary>
            Matches the GET criteria.
            </summary>
            <param name="id">The ID in GET message.</param>
            <returns><c>null</c> if it does not match.</returns>
        </member>
        <member name="P:Lextm.SharpSnmpLib.Pipeline.ScalarObject.Variable">
            <summary>
            Gets the variable.
            </summary>
            <value>The variable.</value>
        </member>
        <member name="P:Lextm.SharpSnmpLib.Pipeline.ScalarObject.Data">
            <summary>
            Gets or sets the data.
            </summary>
            <value>The data.</value>
        </member>
        <member name="P:Lextm.SharpSnmpLib.Pipeline.ScalarObject.Id">
            <summary>
            Gets the ID.
            </summary>
            <value>The ID.</value>
        </member>
        <member name="M:Lextm.SharpSnmpLib.Objects.IfAdminStatus.#ctor(System.Int32,System.Net.NetworkInformation.NetworkInterface)">
            <summary>
            Initializes a new instance of the <see cref="T:Lextm.SharpSnmpLib.Objects.IfAdminStatus"/> class.
            </summary>
            <param name="index">The index.</param>
            <param name="networkInterface">The network interface.</param>
        </member>
        <member name="P:Lextm.SharpSnmpLib.Objects.IfAdminStatus.Data">
            <summary>
            Gets or sets the data.
            </summary>
            <value>
            The data.
            </value>
            <exception cref="T:Lextm.SharpSnmpLib.Pipeline.AccessFailureException"></exception>
        </member>
        <member name="T:Lextm.SharpSnmpLib.Objects.IfDescr">
            <summary>
            ifDescr object.
            </summary>
        </member>
        <member name="M:Lextm.SharpSnmpLib.Objects.IfDescr.#ctor(System.Int32,System.Net.NetworkInformation.NetworkInterface)">
            <summary>
            Initializes a new instance of the <see cref="T:Lextm.SharpSnmpLib.Objects.IfDescr"/> class.
            </summary>
            <param name="index">The index.</param>
            <param name="networkInterface">The network interface.</param>
        </member>
        <member name="P:Lextm.SharpSnmpLib.Objects.IfDescr.Data">
            <summary>
            Gets or sets the data.
            </summary>
            <value>
            The data.
            </value>
            <exception cref="T:Lextm.SharpSnmpLib.Pipeline.AccessFailureException"></exception>
        </member>
        <member name="T:Lextm.SharpSnmpLib.Objects.IfIndex">
            <summary>
            ifIndex object.
            </summary>
        </member>
        <member name="M:Lextm.SharpSnmpLib.Objects.IfIndex.#ctor(System.Int32,System.Net.NetworkInformation.NetworkInterface)">
            <summary>
            Initializes a new instance of the <see cref="T:Lextm.SharpSnmpLib.Objects.IfIndex"/> class.
            </summary>
            <param name="index">The index.</param>
            <param name="networkInterface">The network interface.</param>
        </member>
        <member name="P:Lextm.SharpSnmpLib.Objects.IfIndex.Data">
            <summary>
            Gets or sets the data.
            </summary>
            <value>
            The data.
            </value>
            <exception cref="T:Lextm.SharpSnmpLib.Pipeline.AccessFailureException"></exception>
        </member>
        <member name="T:Lextm.SharpSnmpLib.Objects.IfInDiscards">
            <summary>
            ifInDiscards object.
            </summary>
        </member>
        <member name="M:Lextm.SharpSnmpLib.Objects.IfInDiscards.#ctor(System.Int32,System.Net.NetworkInformation.NetworkInterface)">
            <summary>
            Initializes a new instance of the <see cref="T:Lextm.SharpSnmpLib.Objects.IfInDiscards"/> class.
            </summary>
            <param name="index">The index.</param>
            <param name="networkInterface">The network interface.</param>
        </member>
        <member name="P:Lextm.SharpSnmpLib.Objects.IfInDiscards.Data">
            <summary>
            Gets or sets the data.
            </summary>
            <value>
            The data.
            </value>
            <exception cref="T:Lextm.SharpSnmpLib.Pipeline.AccessFailureException"></exception>
        </member>
        <member name="T:Lextm.SharpSnmpLib.Objects.IfInErrors">
            <summary>
            ifInError object.
            </summary>
        </member>
        <member name="M:Lextm.SharpSnmpLib.Objects.IfInErrors.#ctor(System.Int32,System.Net.NetworkInformation.NetworkInterface)">
            <summary>
            Initializes a new instance of the <see cref="T:Lextm.SharpSnmpLib.Objects.IfInErrors"/> class.
            </summary>
            <param name="index">The index.</param>
            <param name="networkInterface">The network interface.</param>
        </member>
        <member name="P:Lextm.SharpSnmpLib.Objects.IfInErrors.Data">
            <summary>
            Gets or sets the data.
            </summary>
            <value>
            The data.
            </value>
            <exception cref="T:Lextm.SharpSnmpLib.Pipeline.AccessFailureException"></exception>
        </member>
        <member name="T:Lextm.SharpSnmpLib.Objects.IfInNUcastPkts">
            <summary>
            ifInNUcastPkts object.
            </summary>
        </member>
        <member name="M:Lextm.SharpSnmpLib.Objects.IfInNUcastPkts.#ctor(System.Int32,System.Net.NetworkInformation.NetworkInterface)">
            <summary>
            Initializes a new instance of the <see cref="T:Lextm.SharpSnmpLib.Objects.IfInNUcastPkts"/> class.
            </summary>
            <param name="index">The index.</param>
            <param name="networkInterface">The network interface.</param>
        </member>
        <member name="P:Lextm.SharpSnmpLib.Objects.IfInNUcastPkts.Data">
            <summary>
            Gets or sets the data.
            </summary>
            <value>
            The data.
            </value>
            <exception cref="T:Lextm.SharpSnmpLib.Pipeline.AccessFailureException"></exception>
        </member>
        <member name="T:Lextm.SharpSnmpLib.Objects.IfInOctets">
            <summary>
            ifInOctets object.
            </summary>
        </member>
        <member name="M:Lextm.SharpSnmpLib.Objects.IfInOctets.#ctor(System.Int32,System.Net.NetworkInformation.NetworkInterface)">
            <summary>
            Initializes a new instance of the <see cref="T:Lextm.SharpSnmpLib.Objects.IfInOctets"/> class.
            </summary>
            <param name="index">The index.</param>
            <param name="networkInterface">The network interface.</param>
        </member>
        <member name="P:Lextm.SharpSnmpLib.Objects.IfInOctets.Data">
            <summary>
            Gets or sets the data.
            </summary>
            <value>
            The data.
            </value>
            <exception cref="T:Lextm.SharpSnmpLib.Pipeline.AccessFailureException"></exception>
        </member>
        <member name="T:Lextm.SharpSnmpLib.Objects.IfInUcastPkts">
            <summary>
            ifInUcastPkts object.
            </summary>
        </member>
        <member name="M:Lextm.SharpSnmpLib.Objects.IfInUcastPkts.#ctor(System.Int32,System.Net.NetworkInformation.NetworkInterface)">
            <summary>
            Initializes a new instance of the <see cref="T:Lextm.SharpSnmpLib.Objects.IfInUcastPkts"/> class.
            </summary>
            <param name="index">The index.</param>
            <param name="networkInterface">The network interface.</param>
        </member>
        <member name="P:Lextm.SharpSnmpLib.Objects.IfInUcastPkts.Data">
            <summary>
            Gets or sets the data.
            </summary>
            <value>
            The data.
            </value>
            <exception cref="T:Lextm.SharpSnmpLib.Pipeline.AccessFailureException"></exception>
        </member>
        <member name="T:Lextm.SharpSnmpLib.Objects.IfInUnknownProtos">
            <summary>
            ifInUnknownProtos object.
            </summary>
        </member>
        <member name="M:Lextm.SharpSnmpLib.Objects.IfInUnknownProtos.#ctor(System.Int32,System.Net.NetworkInformation.NetworkInterface)">
            <summary>
            Initializes a new instance of the <see cref="T:Lextm.SharpSnmpLib.Objects.IfInUnknownProtos"/> class.
            </summary>
            <param name="index">The index.</param>
            <param name="networkInterface">The network interface.</param>
        </member>
        <member name="P:Lextm.SharpSnmpLib.Objects.IfInUnknownProtos.Data">
            <summary>
            Gets or sets the data.
            </summary>
            <value>
            The data.
            </value>
            <exception cref="T:Lextm.SharpSnmpLib.Pipeline.AccessFailureException"></exception>
        </member>
        <member name="T:Lextm.SharpSnmpLib.Objects.IfLastChange">
            <summary>
            ifLastChange.
            </summary>
        </member>
        <member name="M:Lextm.SharpSnmpLib.Objects.IfLastChange.#ctor(System.Int32,System.Net.NetworkInformation.NetworkInterface)">
            <summary>
            Initializes a new instance of the <see cref="T:Lextm.SharpSnmpLib.Objects.IfLastChange"/> class.
            </summary>
            <param name="index">The index.</param>
            <param name="networkInterface">The network interface.</param>
        </member>
        <member name="P:Lextm.SharpSnmpLib.Objects.IfLastChange.Data">
            <summary>
            Gets or sets the data.
            </summary>
            <value>
            The data.
            </value>
            <exception cref="T:Lextm.SharpSnmpLib.Pipeline.AccessFailureException"></exception>
        </member>
        <member name="T:Lextm.SharpSnmpLib.Objects.IfMtu">
            <summary>
            ifMtu object.
            </summary>
        </member>
        <member name="M:Lextm.SharpSnmpLib.Objects.IfMtu.#ctor(System.Int32,System.Net.NetworkInformation.NetworkInterface)">
            <summary>
            Initializes a new instance of the <see cref="T:Lextm.SharpSnmpLib.Objects.IfMtu"/> class.
            </summary>
            <param name="index">The index.</param>
            <param name="networkInterface">The network interface.</param>
        </member>
        <member name="P:Lextm.SharpSnmpLib.Objects.IfMtu.Data">
            <summary>
            Gets or sets the data.
            </summary>
            <value>
            The data.
            </value>
            <exception cref="T:Lextm.SharpSnmpLib.Pipeline.AccessFailureException"></exception>
        </member>
        <member name="T:Lextm.SharpSnmpLib.Objects.IfNumber">
            <summary>
            ifNumber object.
            </summary>
        </member>
        <member name="M:Lextm.SharpSnmpLib.Objects.IfNumber.#ctor">
            <summary>
            Initializes a new instance of the <see cref="T:Lextm.SharpSnmpLib.Objects.IfNumber"/> class.
            </summary>
        </member>
        <member name="P:Lextm.SharpSnmpLib.Objects.IfNumber.Data">
            <summary>
            Gets or sets the data.
            </summary>
            <value>The data.</value>
        </member>
        <member name="T:Lextm.SharpSnmpLib.Objects.IfOperStatus">
            <summary>
            ifOperStatus.
            </summary>
        </member>
        <member name="M:Lextm.SharpSnmpLib.Objects.IfOperStatus.#ctor(System.Int32,System.Net.NetworkInformation.NetworkInterface)">
            <summary>
            Initializes a new instance of the <see cref="T:Lextm.SharpSnmpLib.Objects.IfOperStatus"/> class.
            </summary>
            <param name="index">The index.</param>
            <param name="networkInterface">The network interface.</param>
        </member>
        <member name="P:Lextm.SharpSnmpLib.Objects.IfOperStatus.Data">
            <summary>
            Gets or sets the data.
            </summary>
            <value>
            The data.
            </value>
            <exception cref="T:Lextm.SharpSnmpLib.Pipeline.AccessFailureException"></exception>
        </member>
        <member name="T:Lextm.SharpSnmpLib.Objects.IfOutDiscards">
            <summary>
            ifOutDiscards object.
            </summary>
        </member>
        <member name="M:Lextm.SharpSnmpLib.Objects.IfOutDiscards.#ctor(System.Int32,System.Net.NetworkInformation.NetworkInterface)">
            <summary>
            Initializes a new instance of the <see cref="T:Lextm.SharpSnmpLib.Objects.IfOutDiscards"/> class.
            </summary>
            <param name="index">The index.</param>
            <param name="networkInterface">The network interface.</param>
        </member>
        <member name="P:Lextm.SharpSnmpLib.Objects.IfOutDiscards.Data">
            <summary>
            Gets or sets the data.
            </summary>
            <value>
            The data.
            </value>
            <exception cref="T:Lextm.SharpSnmpLib.Pipeline.AccessFailureException"></exception>
        </member>
        <member name="T:Lextm.SharpSnmpLib.Objects.IfOutErrors">
            <summary>
            ifOutErrors object.
            </summary>
        </member>
        <member name="M:Lextm.SharpSnmpLib.Objects.IfOutErrors.#ctor(System.Int32,System.Net.NetworkInformation.NetworkInterface)">
            <summary>
            Initializes a new instance of the <see cref="T:Lextm.SharpSnmpLib.Objects.IfOutErrors"/> class.
            </summary>
            <param name="index">The index.</param>
            <param name="networkInterface">The network interface.</param>
        </member>
        <member name="P:Lextm.SharpSnmpLib.Objects.IfOutErrors.Data">
            <summary>
            Gets or sets the data.
            </summary>
            <value>
            The data.
            </value>
            <exception cref="T:Lextm.SharpSnmpLib.Pipeline.AccessFailureException"></exception>
        </member>
        <member name="T:Lextm.SharpSnmpLib.Objects.IfOutNUcastPkts">
            <summary>
            ifOutNUcastPkts object.
            </summary>
        </member>
        <member name="M:Lextm.SharpSnmpLib.Objects.IfOutNUcastPkts.#ctor(System.Int32,System.Net.NetworkInformation.NetworkInterface)">
            <summary>
            Initializes a new instance of the <see cref="T:Lextm.SharpSnmpLib.Objects.IfOutNUcastPkts"/> class.
            </summary>
            <param name="index">The index.</param>
            <param name="networkInterface">The network interface.</param>
        </member>
        <member name="P:Lextm.SharpSnmpLib.Objects.IfOutNUcastPkts.Data">
            <summary>
            Gets or sets the data.
            </summary>
            <value>
            The data.
            </value>
            <exception cref="T:Lextm.SharpSnmpLib.Pipeline.AccessFailureException"></exception>
        </member>
        <member name="T:Lextm.SharpSnmpLib.Objects.IfOutOctets">
            <summary>
            ifOutOctets.
            </summary>
        </member>
        <member name="M:Lextm.SharpSnmpLib.Objects.IfOutOctets.#ctor(System.Int32,System.Net.NetworkInformation.NetworkInterface)">
            <summary>
            Initializes a new instance of the <see cref="T:Lextm.SharpSnmpLib.Objects.IfOutOctets"/> class.
            </summary>
            <param name="index">The index.</param>
            <param name="networkInterface">The network interface.</param>
        </member>
        <member name="P:Lextm.SharpSnmpLib.Objects.IfOutOctets.Data">
            <summary>
            Gets or sets the data.
            </summary>
            <value>
            The data.
            </value>
            <exception cref="T:Lextm.SharpSnmpLib.Pipeline.AccessFailureException"></exception>
        </member>
        <member name="T:Lextm.SharpSnmpLib.Objects.IfOutQLen">
            <summary>
            ifOutQLen.
            </summary>
        </member>
        <member name="M:Lextm.SharpSnmpLib.Objects.IfOutQLen.#ctor(System.Int32,System.Net.NetworkInformation.NetworkInterface)">
            <summary>
            Initializes a new instance of the <see cref="T:Lextm.SharpSnmpLib.Objects.IfOutQLen"/> class.
            </summary>
            <param name="index">The index.</param>
            <param name="networkInterface">The network interface.</param>
        </member>
        <member name="P:Lextm.SharpSnmpLib.Objects.IfOutQLen.Data">
            <summary>
            Gets or sets the data.
            </summary>
            <value>
            The data.
            </value>
            <exception cref="T:Lextm.SharpSnmpLib.Pipeline.AccessFailureException"></exception>
        </member>
        <member name="T:Lextm.SharpSnmpLib.Objects.IfOutUcastPkts">
            <summary>
            ifOutUcastPkts.
            </summary>
        </member>
        <member name="M:Lextm.SharpSnmpLib.Objects.IfOutUcastPkts.#ctor(System.Int32,System.Net.NetworkInformation.NetworkInterface)">
            <summary>
            Initializes a new instance of the <see cref="T:Lextm.SharpSnmpLib.Objects.IfOutUcastPkts"/> class.
            </summary>
            <param name="index">The index.</param>
            <param name="networkInterface">The network interface.</param>
        </member>
        <member name="P:Lextm.SharpSnmpLib.Objects.IfOutUcastPkts.Data">
            <summary>
            Gets or sets the data.
            </summary>
            <value>
            The data.
            </value>
            <exception cref="T:Lextm.SharpSnmpLib.Pipeline.AccessFailureException"></exception>
        </member>
        <member name="T:Lextm.SharpSnmpLib.Objects.IfPhysAddress">
            <summary>
            ifPhysAddress.
            </summary>
        </member>
        <member name="M:Lextm.SharpSnmpLib.Objects.IfPhysAddress.#ctor(System.Int32,System.Net.NetworkInformation.NetworkInterface)">
            <summary>
            Initializes a new instance of the <see cref="T:Lextm.SharpSnmpLib.Objects.IfPhysAddress"/> class.
            </summary>
            <param name="index">The index.</param>
            <param name="networkInterface">The network interface.</param>
        </member>
        <member name="P:Lextm.SharpSnmpLib.Objects.IfPhysAddress.Data">
            <summary>
            Gets or sets the data.
            </summary>
            <value>
            The data.
            </value>
            <exception cref="T:Lextm.SharpSnmpLib.Pipeline.AccessFailureException"></exception>
        </member>
        <member name="T:Lextm.SharpSnmpLib.Objects.IfSpecific">
            <summary>
            ifSpecific.
            </summary>
        </member>
        <member name="M:Lextm.SharpSnmpLib.Objects.IfSpecific.#ctor(System.Int32,System.Net.NetworkInformation.NetworkInterface)">
            <summary>
            Initializes a new instance of the <see cref="T:Lextm.SharpSnmpLib.Objects.IfSpecific"/> class.
            </summary>
            <param name="index">The index.</param>
            <param name="networkInterface">The network interface.</param>
        </member>
        <member name="P:Lextm.SharpSnmpLib.Objects.IfSpecific.Data">
            <summary>
            Gets or sets the data.
            </summary>
            <value>
            The data.
            </value>
            <exception cref="T:Lextm.SharpSnmpLib.Pipeline.AccessFailureException"></exception>
        </member>
        <member name="T:Lextm.SharpSnmpLib.Objects.IfSpeed">
            <summary>
            ifSpeed.
            </summary>
        </member>
        <member name="M:Lextm.SharpSnmpLib.Objects.IfSpeed.#ctor(System.Int32,System.Net.NetworkInformation.NetworkInterface)">
            <summary>
            Initializes a new instance of the <see cref="T:Lextm.SharpSnmpLib.Objects.IfSpeed"/> class.
            </summary>
            <param name="index">The index.</param>
            <param name="networkInterface">The network interface.</param>
        </member>
        <member name="P:Lextm.SharpSnmpLib.Objects.IfSpeed.Data">
            <summary>
            Gets or sets the data.
            </summary>
            <value>
            The data.
            </value>
            <exception cref="T:Lextm.SharpSnmpLib.Pipeline.AccessFailureException"></exception>
        </member>
        <member name="T:Lextm.SharpSnmpLib.Objects.IfTable">
            <summary>
            ifTable object.
            </summary>
        </member>
        <member name="T:Lextm.SharpSnmpLib.Pipeline.TableObject">
            <summary>
            Object that represents a table.
            </summary>
        </member>
        <member name="M:Lextm.SharpSnmpLib.Pipeline.TableObject.MatchGetNext(Lextm.SharpSnmpLib.ObjectIdentifier)">
            <summary>
            Matches the GET NEXT criteria.
            </summary>
            <param name="id">The ID in GET NEXT message.</param>
            <returns><c>null</c> if it does not match.</returns>
        </member>
        <member name="M:Lextm.SharpSnmpLib.Pipeline.TableObject.MatchGet(Lextm.SharpSnmpLib.ObjectIdentifier)">
            <summary>
            Matches the GET criteria.
            </summary>
            <param name="id">The ID in GET message.</param>
            <returns><c>null</c> if it does not match.</returns>
        </member>
        <member name="P:Lextm.SharpSnmpLib.Pipeline.TableObject.Objects">
            <summary>
            Gets the objects in the table.
            </summary>
            <value>The objects.</value>
        </member>
        <member name="M:Lextm.SharpSnmpLib.Objects.IfTable.#ctor">
            <summary>
            Initializes a new instance of the <see cref="T:Lextm.SharpSnmpLib.Objects.IfTable"/> class.
            </summary>
        </member>
        <member name="T:Lextm.SharpSnmpLib.Objects.IfType">
            <summary>
            ifType.
            </summary>
        </member>
        <member name="M:Lextm.SharpSnmpLib.Objects.IfType.#ctor(System.Int32,System.Net.NetworkInformation.NetworkInterface)">
            <summary>
            Initializes a new instance of the <see cref="T:Lextm.SharpSnmpLib.Objects.IfType"/> class.
            </summary>
            <param name="index">The index.</param>
            <param name="networkInterface">The network interface.</param>
        </member>
        <member name="P:Lextm.SharpSnmpLib.Objects.IfType.Data">
            <summary>
            Gets or sets the data.
            </summary>
            <value>
            The data.
            </value>
            <exception cref="T:Lextm.SharpSnmpLib.Pipeline.AccessFailureException"></exception>
        </member>
        <member name="T:Lextm.SharpSnmpLib.Objects.SysContact">
            <summary>
            sysContact object.
            </summary>
        </member>
        <member name="M:Lextm.SharpSnmpLib.Objects.SysContact.#ctor">
            <summary>
            Initializes a new instance of the <see cref="T:Lextm.SharpSnmpLib.Objects.SysContact"/> class.
            </summary>
        </member>
        <member name="P:Lextm.SharpSnmpLib.Objects.SysContact.Data">
            <summary>
            Gets or sets the data.
            </summary>
            <value>The data.</value>
        </member>
        <member name="T:Lextm.SharpSnmpLib.Objects.SysDescr">
            <summary>
            sysDescr object.
            </summary>
        </member>
        <member name="M:Lextm.SharpSnmpLib.Objects.SysDescr.#ctor">
            <summary>
            Initializes a new instance of the <see cref="T:Lextm.SharpSnmpLib.Objects.SysDescr"/> class.
            </summary>
        </member>
        <member name="P:Lextm.SharpSnmpLib.Objects.SysDescr.Data">
            <summary>
            Gets or sets the data.
            </summary>
            <value>The data.</value>
        </member>
        <member name="T:Lextm.SharpSnmpLib.Objects.SysLocation">
            <summary>
            sysLocation object.
            </summary>
        </member>
        <member name="M:Lextm.SharpSnmpLib.Objects.SysLocation.#ctor">
            <summary>
            Initializes a new instance of the <see cref="T:Lextm.SharpSnmpLib.Objects.SysLocation"/> class.
            </summary>
        </member>
        <member name="P:Lextm.SharpSnmpLib.Objects.SysLocation.Data">
            <summary>
            Gets or sets the data.
            </summary>
            <value>The data.</value>
        </member>
        <member name="T:Lextm.SharpSnmpLib.Objects.SysName">
            <summary>
            sysName object.
            </summary>
        </member>
        <member name="M:Lextm.SharpSnmpLib.Objects.SysName.#ctor">
            <summary>
            Initializes a new instance of the <see cref="T:Lextm.SharpSnmpLib.Objects.SysName"/> class.
            </summary>
        </member>
        <member name="P:Lextm.SharpSnmpLib.Objects.SysName.Data">
            <summary>
            Gets or sets the data.
            </summary>
            <value>The data.</value>
        </member>
        <member name="T:Lextm.SharpSnmpLib.Objects.SysObjectId">
            <summary>
            sysObjectId object.
            </summary>
        </member>
        <member name="M:Lextm.SharpSnmpLib.Objects.SysObjectId.#ctor">
            <summary>
            Initializes a new instance of the <see cref="T:Lextm.SharpSnmpLib.Objects.SysObjectId"/> class.
            </summary>
        </member>
        <member name="P:Lextm.SharpSnmpLib.Objects.SysObjectId.Data">
            <summary>
            Gets or sets the data.
            </summary>
            <value>The data.</value>
        </member>
        <member name="T:Lextm.SharpSnmpLib.Objects.SysORLastChange">
            <summary>
            sysORLastChange object.
            </summary>
        </member>
        <member name="M:Lextm.SharpSnmpLib.Objects.SysORLastChange.#ctor">
            <summary>
            Initializes a new instance of the <see cref="T:Lextm.SharpSnmpLib.Objects.SysORLastChange"/> class.
            </summary>
        </member>
        <member name="P:Lextm.SharpSnmpLib.Objects.SysORLastChange.Data">
            <summary>
            Gets or sets the data.
            </summary>
            <value>The data.</value>
        </member>
        <member name="T:Lextm.SharpSnmpLib.Objects.SysORTable">
            <summary>
            sysORTable object.
            </summary>
        </member>
        <member name="M:Lextm.SharpSnmpLib.Objects.SysORTable.#ctor">
            <summary>
            Initializes a new instance of the <see cref="T:Lextm.SharpSnmpLib.Objects.SysORTable"/> class.
            </summary>
        </member>
        <member name="P:Lextm.SharpSnmpLib.Objects.SysORTable.Objects">
            <summary>
            Gets the objects in the table.
            </summary>
            <value>The objects.</value>
        </member>
        <member name="T:Lextm.SharpSnmpLib.Objects.SysServices">
            <summary>
            sysServices object.
            </summary>
        </member>
        <member name="M:Lextm.SharpSnmpLib.Objects.SysServices.#ctor">
            <summary>
            Initializes a new instance of the <see cref="T:Lextm.SharpSnmpLib.Objects.SysServices"/> class.
            </summary>
        </member>
        <member name="P:Lextm.SharpSnmpLib.Objects.SysServices.Data">
            <summary>
            Gets or sets the data.
            </summary>
            <value>The data.</value>
        </member>
        <member name="T:Lextm.SharpSnmpLib.Objects.SysUpTime">
            <summary>
            sysUpTime object.
            </summary>
        </member>
        <member name="M:Lextm.SharpSnmpLib.Objects.SysUpTime.#ctor">
            <summary>
            Initializes a new instance of the <see cref="T:Lextm.SharpSnmpLib.Objects.SysUpTime"/> class.
            </summary>
        </member>
        <member name="P:Lextm.SharpSnmpLib.Objects.SysUpTime.Data">
            <summary>
            Gets or sets the data.
            </summary>
            <value>The data.</value>
        </member>
        <member name="T:Lextm.SharpSnmpLib.Pipeline.AccessFailureException">
            <summary>
            Access failure exception. 
            Raised when,
            1. GET operation is performed on a write-only object.
            2. SET operation is performed on a read-only object.
            </summary>
        </member>
        <member name="M:Lextm.SharpSnmpLib.Pipeline.AccessFailureException.#ctor">
            <summary>
            Creates a <see cref="T:Lextm.SharpSnmpLib.Pipeline.AccessFailureException"/>.
            </summary>
        </member>
        <member name="M:Lextm.SharpSnmpLib.Pipeline.AccessFailureException.#ctor(System.String)">
            <summary>
            Creates a <see cref="T:Lextm.SharpSnmpLib.Pipeline.AccessFailureException"/> instance with a specific <see cref="T:System.String"/>.
            </summary>
            <param name="message">Message</param>
        </member>
        <member name="M:Lextm.SharpSnmpLib.Pipeline.AccessFailureException.#ctor(System.String,System.Exception)">
            <summary>
            Creates a <see cref="T:Lextm.SharpSnmpLib.Pipeline.AccessFailureException"/> instance with a specific <see cref="T:System.String"/> and an <see cref="T:System.Exception"/>.
            </summary>
            <param name="message">Message</param>
            <param name="inner">Inner exception</param>
        </member>
        <member name="M:Lextm.SharpSnmpLib.Pipeline.AccessFailureException.#ctor(System.Runtime.Serialization.SerializationInfo,System.Runtime.Serialization.StreamingContext)">
            <summary>
            Creates a <see cref="T:Lextm.SharpSnmpLib.Pipeline.AccessFailureException"/> instance.
            </summary>
            <param name="info">Info</param>
            <param name="context">Context</param>
        </member>
        <member name="M:Lextm.SharpSnmpLib.Pipeline.AccessFailureException.ToString">
            <summary>
            Returns a <see cref="T:System.String"/> that represents this <see cref="T:Lextm.SharpSnmpLib.Pipeline.AccessFailureException"/>.
            </summary>
            <returns></returns>
        </member>
        <member name="T:Lextm.SharpSnmpLib.Pipeline.ComposedMembershipProvider">
            <summary>
            Composed membership provider, who owns internal providers. If the request is authenticated by any of the internal providers, it is considered as authenticated.
            </summary>    
        </member>
        <member name="T:Lextm.SharpSnmpLib.Pipeline.IMembershipProvider">
            <summary>
            Membership provider interface.
            </summary>
        </member>
        <member name="M:Lextm.SharpSnmpLib.Pipeline.IMembershipProvider.AuthenticateRequest(Lextm.SharpSnmpLib.Pipeline.ISnmpContext)">
            <summary>
            Authenticates the request.
            </summary>
            <param name="context">The context.</param>
            <returns></returns>
        </member>
        <member name="M:Lextm.SharpSnmpLib.Pipeline.ComposedMembershipProvider.#ctor(Lextm.SharpSnmpLib.Pipeline.IMembershipProvider[])">
            <summary>
            Initializes a new instance of the <see cref="T:Lextm.SharpSnmpLib.Pipeline.ComposedMembershipProvider"/> class.
            </summary>
            <param name="providers">The internal providers.</param>
        </member>
        <member name="M:Lextm.SharpSnmpLib.Pipeline.ComposedMembershipProvider.AuthenticateRequest(Lextm.SharpSnmpLib.Pipeline.ISnmpContext)">
            <summary>
            Authenticates the request.
            </summary>
            <param name="context">The context.</param>
            <returns></returns>
        </member>
        <member name="T:Lextm.SharpSnmpLib.Pipeline.EngineGroup">
            <summary>
            Engine group which contains all related objects.
            </summary>
        </member>
        <member name="M:Lextm.SharpSnmpLib.Pipeline.EngineGroup.#ctor">
            <summary>
            Initializes a new instance of the <see cref="T:Lextm.SharpSnmpLib.Pipeline.EngineGroup"/> class.
            </summary>
        </member>
        <member name="M:Lextm.SharpSnmpLib.Pipeline.EngineGroup.IsInTime(System.Int32[],System.Int32,System.Int32)">
            <summary>
            Verifies if the request comes in time.
            </summary>
            <param name="currentTimeData">The current time data.</param>
            <param name="pastReboots">The past reboots.</param>
            <param name="pastTime">The past time.</param>
            <returns>
              <c>true</c> if the request is in time window; otherwise, <c>false</c>.
            </returns>
        </member>
        <member name="P:Lextm.SharpSnmpLib.Pipeline.EngineGroup.EngineId">
            <summary>
            Gets the engine id.
            </summary>
            <value>The engine id.</value>
        </member>
        <member name="P:Lextm.SharpSnmpLib.Pipeline.EngineGroup.EngineBoots">
            <summary>
            Gets or sets the engine boots.
            </summary>
            <value>The engine boots.</value>
        </member>
        <member name="P:Lextm.SharpSnmpLib.Pipeline.EngineGroup.EngineTime">
            <summary>
            Gets the engine time.
            </summary>
            <value>The engine time.</value>
        </member>
        <member name="P:Lextm.SharpSnmpLib.Pipeline.EngineGroup.EngineTimeData">
            <summary>
            Gets the engine time data.
            </summary>
            <value>
            The engine time data. [0] is engine boots, [1] is engine time.
            </value>
        </member>
        <member name="P:Lextm.SharpSnmpLib.Pipeline.EngineGroup.NotInTimeWindow">
            <summary>
            Gets not-in-time-window counter.
            </summary>
            <value>
            Counter variable.
            </value>
        </member>
        <member name="P:Lextm.SharpSnmpLib.Pipeline.EngineGroup.UnknownEngineId">
            <summary>
            Gets unknown engine ID counter.
            </summary>
            <value>
            Counter variable.
            </value>
        </member>
        <member name="P:Lextm.SharpSnmpLib.Pipeline.EngineGroup.UnknownSecurityName">
            <summary>
            Gets unknown security name counter.
            </summary>
        </member>
        <member name="P:Lextm.SharpSnmpLib.Pipeline.EngineGroup.DecryptionError">
            <summary>
            Gets decryption error counter.
            </summary>
        </member>
        <member name="P:Lextm.SharpSnmpLib.Pipeline.EngineGroup.UnsupportedSecurityLevel">
            <summary>
            Gets unsupported security level counter.
            </summary>
        </member>
        <member name="P:Lextm.SharpSnmpLib.Pipeline.EngineGroup.AuthenticationFailure">
            <summary>
            Gets authentication failure counter.
            </summary>
        </member>
        <member name="T:Lextm.SharpSnmpLib.Pipeline.GetBulkMessageHandler">
            <summary>
            GET BULK message handler.
            </summary>    
        </member>
        <member name="T:Lextm.SharpSnmpLib.Pipeline.IMessageHandler">
            <summary>
            Message handler interface.
            </summary>
        </member>
        <member name="M:Lextm.SharpSnmpLib.Pipeline.IMessageHandler.Handle(Lextm.SharpSnmpLib.Pipeline.ISnmpContext,Lextm.SharpSnmpLib.Pipeline.ObjectStore)">
            <summary>
            Handles the specified message.
            </summary>
            <param name="context">The context.</param>
            <param name="store">The object store.</param>
            <returns></returns>
        </member>
        <member name="M:Lextm.SharpSnmpLib.Pipeline.GetBulkMessageHandler.Handle(Lextm.SharpSnmpLib.Pipeline.ISnmpContext,Lextm.SharpSnmpLib.Pipeline.ObjectStore)">
            <summary>
            Handles the specified message.
            </summary>
            <param name="context">The context.</param>
            <param name="store">The object store.</param>
            <returns></returns>
        </member>
        <member name="T:Lextm.SharpSnmpLib.Pipeline.GetMessageHandler">
            <summary>
            GET message handler.
            </summary>
            <remarks>
            Follows RFC 3416 4.2.1.
            </remarks>
        </member>
        <member name="M:Lextm.SharpSnmpLib.Pipeline.GetMessageHandler.Handle(Lextm.SharpSnmpLib.Pipeline.ISnmpContext,Lextm.SharpSnmpLib.Pipeline.ObjectStore)">
            <summary>
            Handles the specified message.
            </summary>
            <param name="context">The context.</param>
            <param name="store">The object store.</param>
            <returns></returns>
        </member>
        <member name="T:Lextm.SharpSnmpLib.Pipeline.GetNextMessageHandler">
            <summary>
            GET NEXT message handler.
            </summary>    
            <remarks>
            Follows RFC 3416 4.2.2.
            </remarks>
        </member>
        <member name="M:Lextm.SharpSnmpLib.Pipeline.GetNextMessageHandler.Handle(Lextm.SharpSnmpLib.Pipeline.ISnmpContext,Lextm.SharpSnmpLib.Pipeline.ObjectStore)">
            <summary>
            Handles the specified message.
            </summary>
            <param name="context">The context.</param>
            <param name="store">The object store.</param>
            <returns></returns>
        </member>
        <member name="T:Lextm.SharpSnmpLib.Pipeline.GetNextV1MessageHandler">
            <summary>
            GET NEXT message handler.
            </summary>    
            <remarks>
            Follows RFC 1157, 4.1.3
            </remarks>
        </member>
        <member name="M:Lextm.SharpSnmpLib.Pipeline.GetNextV1MessageHandler.Handle(Lextm.SharpSnmpLib.Pipeline.ISnmpContext,Lextm.SharpSnmpLib.Pipeline.ObjectStore)">
            <summary>
            Handles the specified message.
            </summary>
            <param name="context">The context.</param>
            <param name="store">The object store.</param>
            <returns></returns>
        </member>
        <member name="T:Lextm.SharpSnmpLib.Pipeline.GetV1MessageHandler">
            <summary>
            GET message handler.
            </summary>
            <remarks>
            Follows RFC 1157, 4.1.2
            </remarks>
        </member>
        <member name="M:Lextm.SharpSnmpLib.Pipeline.GetV1MessageHandler.Handle(Lextm.SharpSnmpLib.Pipeline.ISnmpContext,Lextm.SharpSnmpLib.Pipeline.ObjectStore)">
            <summary>
            Handles the specified message.
            </summary>
            <param name="context">The context.</param>
            <param name="store">The object store.</param>
            <returns></returns>
        </member>
        <member name="T:Lextm.SharpSnmpLib.Pipeline.HandlerMapping">
            <summary>
            Handler mapping class, who is used to map incoming messages to their handlers.
            </summary>
        </member>
        <member name="M:Lextm.SharpSnmpLib.Pipeline.HandlerMapping.#ctor(System.String,System.String,Lextm.SharpSnmpLib.Pipeline.IMessageHandler)">
            <summary>
            Initializes a new instance of the <see cref="T:Lextm.SharpSnmpLib.Pipeline.HandlerMapping"/> class.
            </summary>
            <param name="version">The version.</param>
            <param name="command">The command.</param>
            <param name="handler">The handler.</param>
        </member>
        <member name="M:Lextm.SharpSnmpLib.Pipeline.HandlerMapping.#ctor(System.String,System.String,System.String,System.String)">
            <summary>
            Initializes a new instance of the <see cref="T:Lextm.SharpSnmpLib.Pipeline.HandlerMapping"/> class.
            </summary>
            <param name="version">The version.</param>
            <param name="command">The command.</param>
            <param name="type">The type.</param>
            <param name="assembly">The assembly.</param>
        </member>
        <member name="M:Lextm.SharpSnmpLib.Pipeline.HandlerMapping.CanHandle(Lextm.SharpSnmpLib.Messaging.ISnmpMessage)">
            <summary>
            Determines whether this instance can handle the specified message.
            </summary>
            <param name="message">The message.</param>
            <returns>
                <c>true</c> if this instance can handle the specified message; otherwise, <c>false</c>.
            </returns>
        </member>
        <member name="P:Lextm.SharpSnmpLib.Pipeline.HandlerMapping.Handler">
            <summary>
            Gets the handler.
            </summary>
            <value>The handler.</value>
        </member>
        <member name="T:Lextm.SharpSnmpLib.Pipeline.ILogger">
            <summary>
            Logger interface.
            </summary>
        </member>
        <member name="M:Lextm.SharpSnmpLib.Pipeline.ILogger.Log(Lextm.SharpSnmpLib.Pipeline.ISnmpContext)">
            <summary>
            Logs an entry.
            </summary>
            <param name="context">Message context.</param>
        </member>
        <member name="T:Lextm.SharpSnmpLib.Pipeline.InformRequestMessageHandler">
            <summary>
            Message handler for INFORM.
            </summary>    
        </member>
        <member name="M:Lextm.SharpSnmpLib.Pipeline.InformRequestMessageHandler.Handle(Lextm.SharpSnmpLib.Pipeline.ISnmpContext,Lextm.SharpSnmpLib.Pipeline.ObjectStore)">
            <summary>
            Handles the specified message.
            </summary>
            <param name="context">The context.</param>
            <param name="store">The object store.</param>
            <returns></returns>
        </member>
        <member name="M:Lextm.SharpSnmpLib.Pipeline.InformRequestMessageHandler.InvokeMessageReceived(Lextm.SharpSnmpLib.Pipeline.InformRequestMessageReceivedEventArgs)">
            <summary>
            Invokes the message received.
            </summary>
            <param name="e">The <see cref="T:Lextm.SharpSnmpLib.Pipeline.InformRequestMessageReceivedEventArgs"/> instance containing the event data.</param>
        </member>
        <member name="E:Lextm.SharpSnmpLib.Pipeline.InformRequestMessageHandler.MessageReceived">
            <summary>
            Occurs when a message is received.
            </summary>
        </member>
        <member name="T:Lextm.SharpSnmpLib.Pipeline.InformRequestMessageReceivedEventArgs">
            <summary>
            Inform request message received event args.
            </summary>
        </member>
        <member name="M:Lextm.SharpSnmpLib.Pipeline.InformRequestMessageReceivedEventArgs.#ctor(System.Net.IPEndPoint,Lextm.SharpSnmpLib.Messaging.InformRequestMessage,Lextm.SharpSnmpLib.Messaging.IListenerBinding)">
            <summary>
            Initializes a new instance of the <see cref="T:Lextm.SharpSnmpLib.Pipeline.InformRequestMessageReceivedEventArgs"/> class.
            </summary>
            <param name="sender">The sender.</param>
            <param name="request">The request.</param>
            <param name="binding">The binding.</param>
        </member>
        <member name="P:Lextm.SharpSnmpLib.Pipeline.InformRequestMessageReceivedEventArgs.Sender">
            <summary>
            Gets or sets the sender.
            </summary>
            <value>The sender.</value>
        </member>
        <member name="P:Lextm.SharpSnmpLib.Pipeline.InformRequestMessageReceivedEventArgs.InformRequestMessage">
            <summary>
            Gets or sets the request.
            </summary>
            <value>The request.</value>
        </member>
        <member name="P:Lextm.SharpSnmpLib.Pipeline.InformRequestMessageReceivedEventArgs.Binding">
            <summary>
            Gets or sets the binding.
            </summary>
            <value>The binding.</value>
        </member>
        <member name="T:Lextm.SharpSnmpLib.Pipeline.ISnmpContext">
            <summary>
            SNMP context interface.
            </summary>
        </member>
        <member name="M:Lextm.SharpSnmpLib.Pipeline.ISnmpContext.GenerateResponse(System.Collections.Generic.IList{Lextm.SharpSnmpLib.Variable})">
            <summary>
            Generates the response.
            </summary>
            <param name="variables">The variables.</param>
        </member>
        <member name="M:Lextm.SharpSnmpLib.Pipeline.ISnmpContext.CopyRequest(Lextm.SharpSnmpLib.ErrorCode,System.Int32)">
            <summary>
            Copies the request variable bindings to response.
            </summary>
            <param name="status">The status.</param>
            <param name="index">The index.</param>
        </member>
        <member name="M:Lextm.SharpSnmpLib.Pipeline.ISnmpContext.SendResponse">
            <summary>
            Sends out response message.
            </summary>
        </member>
        <member name="M:Lextm.SharpSnmpLib.Pipeline.ISnmpContext.HandleMembership">
            <summary>
            Handles the membership authentication.
            </summary>
            <returns></returns>
        </member>
        <member name="M:Lextm.SharpSnmpLib.Pipeline.ISnmpContext.GenerateTooBig">
            <summary>
            Generates too big message.
            </summary>
        </member>
        <member name="P:Lextm.SharpSnmpLib.Pipeline.ISnmpContext.Binding">
            <summary>
            Gets or sets the binding.
            </summary>
            <value>The binding.</value>
        </member>
        <member name="P:Lextm.SharpSnmpLib.Pipeline.ISnmpContext.CreatedTime">
            <summary>
            Gets the created time.
            </summary>
            <value>The created time.</value>
        </member>
        <member name="P:Lextm.SharpSnmpLib.Pipeline.ISnmpContext.Request">
            <summary>
            Gets the request.
            </summary>
            <value>The request.</value>
        </member>
        <member name="P:Lextm.SharpSnmpLib.Pipeline.ISnmpContext.Response">
            <summary>
            Gets the response.
            </summary>
            <value>The response.</value>
        </member>
        <member name="P:Lextm.SharpSnmpLib.Pipeline.ISnmpContext.Sender">
            <summary>
            Gets the sender.
            </summary>
            <value>The sender.</value>
        </member>
        <member name="P:Lextm.SharpSnmpLib.Pipeline.ISnmpContext.TooBig">
            <summary>
            Gets a value indicating whether [too big].
            </summary>
            <value><c>true</c> if the response is too big; otherwise, <c>false</c>.</value>
        </member>
        <member name="T:Lextm.SharpSnmpLib.Pipeline.MessageHandlerFactory">
            <summary>
            Message handler factory.
            </summary>
        </member>
        <member name="M:Lextm.SharpSnmpLib.Pipeline.MessageHandlerFactory.#ctor(Lextm.SharpSnmpLib.Pipeline.HandlerMapping[])">
            <summary>
            Initializes a new instance of the <see cref="T:Lextm.SharpSnmpLib.Pipeline.MessageHandlerFactory"/> class.
            </summary>
            <param name="mappings">The mappings.</param>
        </member>
        <member name="M:Lextm.SharpSnmpLib.Pipeline.MessageHandlerFactory.GetHandler(Lextm.SharpSnmpLib.Messaging.ISnmpMessage)">
            <summary>
            Gets the handler.
            </summary>
            <param name="message">The message.</param>
            <returns></returns>
        </member>
        <member name="T:Lextm.SharpSnmpLib.Pipeline.NormalSnmpContext">
            <summary>
            Normal SNMP context class. It is v1 and v2c specific.
            </summary>
        </member>
        <member name="T:Lextm.SharpSnmpLib.Pipeline.SnmpContextBase">
            <summary>
            SNMP context.
            </summary>
        </member>
        <member name="M:Lextm.SharpSnmpLib.Pipeline.SnmpContextBase.#ctor(Lextm.SharpSnmpLib.Messaging.ISnmpMessage,System.Net.IPEndPoint,Lextm.SharpSnmpLib.Security.UserRegistry,Lextm.SharpSnmpLib.Pipeline.EngineGroup,Lextm.SharpSnmpLib.Messaging.IListenerBinding)">
            <summary>
            Initializes a new instance of the <see cref="T:Lextm.SharpSnmpLib.Pipeline.SnmpContextBase"/> class.
            </summary>
            <param name="request">The request.</param>
            <param name="sender">The sender.</param>
            <param name="users">The users.</param>
            <param name="group">The engine core group.</param>
            <param name="binding">The binding.</param>
        </member>
        <member name="M:Lextm.SharpSnmpLib.Pipeline.SnmpContextBase.SendResponse">
            <summary>
            Sends out response message.
            </summary>
        </member>
        <member name="M:Lextm.SharpSnmpLib.Pipeline.SnmpContextBase.GenerateResponse(System.Collections.Generic.IList{Lextm.SharpSnmpLib.Variable})">
            <summary>
            Generates the response.
            </summary>
            <param name="variables">The variables.</param>
        </member>
        <member name="M:Lextm.SharpSnmpLib.Pipeline.SnmpContextBase.CopyRequest(Lextm.SharpSnmpLib.ErrorCode,System.Int32)">
            <summary>
            Copies the request variable bindings to response.
            </summary>
            <param name="status">The status.</param>
            <param name="index">The index.</param>
        </member>
        <member name="M:Lextm.SharpSnmpLib.Pipeline.SnmpContextBase.HandleMembership">
            <summary>
            Handles the membership authentication.
            </summary>
            <returns></returns>
        </member>
        <member name="M:Lextm.SharpSnmpLib.Pipeline.SnmpContextBase.GenerateTooBig">
            <summary>
            Generates too big message.
            </summary>
        </member>
        <member name="P:Lextm.SharpSnmpLib.Pipeline.SnmpContextBase.Binding">
            <summary>
            Gets or sets the binding.
            </summary>
            <value>The binding.</value>
        </member>
        <member name="P:Lextm.SharpSnmpLib.Pipeline.SnmpContextBase.CreatedTime">
            <summary>
            Gets the created time.
            </summary>
            <value>The created time.</value>
        </member>
        <member name="P:Lextm.SharpSnmpLib.Pipeline.SnmpContextBase.Request">
            <summary>
            Gets the request.
            </summary>
            <value>The request.</value>
        </member>
        <member name="P:Lextm.SharpSnmpLib.Pipeline.SnmpContextBase.Users">
            <summary>
            Gets the users.
            </summary>
            <value>The users.</value>
        </member>
        <member name="P:Lextm.SharpSnmpLib.Pipeline.SnmpContextBase.Response">
            <summary>
            Gets the response.
            </summary>
            <value>The response.</value>
        </member>
        <member name="P:Lextm.SharpSnmpLib.Pipeline.SnmpContextBase.Sender">
            <summary>
            Gets the sender.
            </summary>
            <value>The sender.</value>
        </member>
        <member name="P:Lextm.SharpSnmpLib.Pipeline.SnmpContextBase.Group">
            <summary>
            Gets or sets the objects.
            </summary>
            <value>The objects.</value>
        </member>
        <member name="P:Lextm.SharpSnmpLib.Pipeline.SnmpContextBase.TooBig">
            <summary>
            Gets a value indicating whether [too big].
            </summary>
            <value><c>true</c> if the response is too big; otherwise, <c>false</c>.</value>
        </member>
        <member name="M:Lextm.SharpSnmpLib.Pipeline.NormalSnmpContext.#ctor(Lextm.SharpSnmpLib.Messaging.ISnmpMessage,System.Net.IPEndPoint,Lextm.SharpSnmpLib.Security.UserRegistry,Lextm.SharpSnmpLib.Messaging.IListenerBinding)">
            <summary>
            Initializes a new instance of the <see cref="T:Lextm.SharpSnmpLib.Pipeline.NormalSnmpContext"/> class.
            </summary>
            <param name="request">The request.</param>
            <param name="sender">The sender.</param>
            <param name="users">The users.</param>
            <param name="binding">The binding.</param>
        </member>
        <member name="M:Lextm.SharpSnmpLib.Pipeline.NormalSnmpContext.CopyRequest(Lextm.SharpSnmpLib.ErrorCode,System.Int32)">
            <summary>
            Copies the request variable bindings to response.
            </summary>
            <param name="status">The status.</param>
            <param name="index">The index.</param>
        </member>
        <member name="M:Lextm.SharpSnmpLib.Pipeline.NormalSnmpContext.GenerateTooBig">
            <summary>
            Generates too big message.
            </summary>
        </member>
        <member name="M:Lextm.SharpSnmpLib.Pipeline.NormalSnmpContext.HandleMembership">
            <summary>
            Handles the membership.
            </summary>
            <returns>Always returns <code>false</code>.</returns>
        </member>
        <member name="M:Lextm.SharpSnmpLib.Pipeline.NormalSnmpContext.GenerateResponse(System.Collections.Generic.IList{Lextm.SharpSnmpLib.Variable})">
            <summary>
            Generates the response.
            </summary>
            <param name="variables">The variables.</param>
        </member>
        <member name="T:Lextm.SharpSnmpLib.Pipeline.NullMessageHandler">
            <summary>
            A placeholder.
            </summary>
        </member>
        <member name="M:Lextm.SharpSnmpLib.Pipeline.NullMessageHandler.Handle(Lextm.SharpSnmpLib.Pipeline.ISnmpContext,Lextm.SharpSnmpLib.Pipeline.ObjectStore)">
            <summary>
            Handles the specified message.
            </summary>
            <param name="context">The context.</param>
            <param name="store">The object store.</param>
            <returns></returns>
        </member>
        <member name="T:Lextm.SharpSnmpLib.Pipeline.ObjectStore">
            <summary>
            SNMP object store, who holds all implemented SNMP objects in the agent.
            </summary>
        </member>
        <member name="M:Lextm.SharpSnmpLib.Pipeline.ObjectStore.GetObject(Lextm.SharpSnmpLib.ObjectIdentifier)">
            <summary>
            Gets the object.
            </summary>
            <param name="id">The object id.</param>
            <returns></returns>
        </member>
        <member name="M:Lextm.SharpSnmpLib.Pipeline.ObjectStore.GetNextObject(Lextm.SharpSnmpLib.ObjectIdentifier)">
            <summary>
            Gets the next object.
            </summary>
            <param name="id">The object id.</param>
            <returns></returns>
        </member>
        <member name="M:Lextm.SharpSnmpLib.Pipeline.ObjectStore.Add(Lextm.SharpSnmpLib.Pipeline.ISnmpObject)">
            <summary>
            Adds the specified <see cref="T:Lextm.SharpSnmpLib.Pipeline.ISnmpObject"/>.
            </summary>
            <param name="newObject">The object.</param>
        </member>
        <member name="T:Lextm.SharpSnmpLib.Pipeline.SecureSnmpContext">
            <summary>
            Secure SNMP context. It is specific to v3.
            </summary>
        </member>
        <member name="M:Lextm.SharpSnmpLib.Pipeline.SecureSnmpContext.#ctor(Lextm.SharpSnmpLib.Messaging.ISnmpMessage,System.Net.IPEndPoint,Lextm.SharpSnmpLib.Security.UserRegistry,Lextm.SharpSnmpLib.Pipeline.EngineGroup,Lextm.SharpSnmpLib.Messaging.IListenerBinding)">
            <summary>
            Initializes a new instance of the <see cref="T:Lextm.SharpSnmpLib.Pipeline.SecureSnmpContext"/> class.
            </summary>
            <param name="request">The request.</param>
            <param name="sender">The sender.</param>
            <param name="users">The users.</param>
            <param name="group">The engine core group.</param>
            <param name="binding">The binding.</param>
        </member>
        <member name="M:Lextm.SharpSnmpLib.Pipeline.SecureSnmpContext.GenerateTooBig">
            <summary>
            Generates too big message.
            </summary>
        </member>
        <member name="M:Lextm.SharpSnmpLib.Pipeline.SecureSnmpContext.HandleMembership">
            <summary>
            Handles the membership.
            </summary>
            <returns></returns>
        </member>
        <member name="M:Lextm.SharpSnmpLib.Pipeline.SecureSnmpContext.GenerateResponse(System.Collections.Generic.IList{Lextm.SharpSnmpLib.Variable})">
            <summary>
            Generates the response.
            </summary>
            <param name="variables">The variables.</param>
        </member>
        <member name="T:Lextm.SharpSnmpLib.Pipeline.SetMessageHandler">
            <summary>
            SET message handler.
            </summary>    
            <remarks>
            Follows RFC 3416 4.2.1.
            Not supported scenarios are, 
              wrongLength, 
              wrongEncoding, 
              wrongValue, 
              noCreation,
              inconsistentName,
              inconsistentValue,
              resourceUnavailable,
              commitFailed,
              undoFailed
            </remarks>
        </member>
        <member name="M:Lextm.SharpSnmpLib.Pipeline.SetMessageHandler.Handle(Lextm.SharpSnmpLib.Pipeline.ISnmpContext,Lextm.SharpSnmpLib.Pipeline.ObjectStore)">
            <summary>
            Handles the specified message.
            </summary>
            <param name="context">The context.</param>
            <param name="store">The object store.</param>
            <returns></returns>
        </member>
        <member name="T:Lextm.SharpSnmpLib.Pipeline.SetV1MessageHandler">
            <summary>
            SET message handler.
            </summary>    
            <remarks>
            Follows RFC 1157, 4.1.5
            </remarks>
        </member>
        <member name="M:Lextm.SharpSnmpLib.Pipeline.SetV1MessageHandler.Handle(Lextm.SharpSnmpLib.Pipeline.ISnmpContext,Lextm.SharpSnmpLib.Pipeline.ObjectStore)">
            <summary>
            Handles the specified message.
            </summary>
            <param name="context">The context.</param>
            <param name="store">The object store.</param>
            <returns></returns>
        </member>
        <member name="T:Lextm.SharpSnmpLib.Pipeline.SnmpApplication">
            <summary>
            SNMP application class, who is a pipeline for message processing.
            </summary>
        </member>
        <member name="M:Lextm.SharpSnmpLib.Pipeline.SnmpApplication.#ctor(Lextm.SharpSnmpLib.Pipeline.SnmpApplicationFactory,Lextm.SharpSnmpLib.Pipeline.ILogger,Lextm.SharpSnmpLib.Pipeline.ObjectStore,Lextm.SharpSnmpLib.Pipeline.IMembershipProvider,Lextm.SharpSnmpLib.Pipeline.MessageHandlerFactory)">
            <summary>
            Initializes a new instance of the <see cref="T:Lextm.SharpSnmpLib.Pipeline.SnmpApplication"/> class.
            </summary>
            <param name="owner">The owner.</param>
            <param name="logger">The logger.</param>
            <param name="store">The store.</param>
            <param name="provider">The provider.</param>
            <param name="factory">The factory.</param>
        </member>
        <member name="M:Lextm.SharpSnmpLib.Pipeline.SnmpApplication.Init(Lextm.SharpSnmpLib.Pipeline.ISnmpContext)">
            <summary>
            Initializes the specified context.
            </summary>
            <param name="context">The context.</param>
        </member>
        <member name="M:Lextm.SharpSnmpLib.Pipeline.SnmpApplication.Process">
            <summary>
            Processes an incoming request.
            </summary>
        </member>
        <member name="M:Lextm.SharpSnmpLib.Pipeline.SnmpApplication.CompleteProcessing">
            <summary>
            Completes the processing.
            </summary>
        </member>
        <member name="P:Lextm.SharpSnmpLib.Pipeline.SnmpApplication.Context">
            <summary>
            Gets the context.
            </summary>
            <value>The context.</value>
        </member>
        <member name="P:Lextm.SharpSnmpLib.Pipeline.SnmpApplication.ProcessingFinished">
            <summary>
            Gets a value indicating whether processing is finished.
            </summary>
            <value><c>true</c> if processing is finished; otherwise, <c>false</c>.</value>
        </member>
        <member name="T:Lextm.SharpSnmpLib.Pipeline.SnmpApplicationFactory">
            <summary>
            SNMP application factory, who holds all pipeline instances.
            </summary>
        </member>
        <member name="M:Lextm.SharpSnmpLib.Pipeline.SnmpApplicationFactory.#ctor(Lextm.SharpSnmpLib.Pipeline.ILogger,Lextm.SharpSnmpLib.Pipeline.ObjectStore,Lextm.SharpSnmpLib.Pipeline.IMembershipProvider,Lextm.SharpSnmpLib.Pipeline.MessageHandlerFactory)">
            <summary>
            Initializes a new instance of the <see cref="T:Lextm.SharpSnmpLib.Pipeline.SnmpApplicationFactory"/> class.
            </summary>
            <param name="logger">The logger.</param>
            <param name="store">The store.</param>
            <param name="membershipProvider">The membership provider.</param>
            <param name="factory">The factory.</param>
        </member>
        <member name="M:Lextm.SharpSnmpLib.Pipeline.SnmpApplicationFactory.#ctor(Lextm.SharpSnmpLib.Pipeline.ObjectStore,Lextm.SharpSnmpLib.Pipeline.IMembershipProvider,Lextm.SharpSnmpLib.Pipeline.MessageHandlerFactory)">
            <summary>
            Initializes a new instance of the <see cref="T:Lextm.SharpSnmpLib.Pipeline.SnmpApplicationFactory"/> class.
            </summary>
            <param name="store">The store.</param>
            <param name="membershipProvider">The membership provider.</param>
            <param name="factory">The factory.</param>
        </member>
        <member name="M:Lextm.SharpSnmpLib.Pipeline.SnmpApplicationFactory.Create(Lextm.SharpSnmpLib.Pipeline.ISnmpContext)">
            <summary>
            Creates a pipeline for the specified context.
            </summary>
            <param name="context">The context.</param>
            <returns></returns>
        </member>
        <member name="M:Lextm.SharpSnmpLib.Pipeline.SnmpApplicationFactory.Reuse(Lextm.SharpSnmpLib.Pipeline.SnmpApplication)">
            <summary>
            Reuses the specified pipeline.
            </summary>
            <param name="application">The application.</param>
        </member>
        <member name="T:Lextm.SharpSnmpLib.Pipeline.SnmpContextFactory">
            <summary>
            SNMP context factory.
            </summary>
        </member>
        <member name="M:Lextm.SharpSnmpLib.Pipeline.SnmpContextFactory.Create(Lextm.SharpSnmpLib.Messaging.ISnmpMessage,System.Net.IPEndPoint,Lextm.SharpSnmpLib.Security.UserRegistry,Lextm.SharpSnmpLib.Pipeline.EngineGroup,Lextm.SharpSnmpLib.Messaging.IListenerBinding)">
            <summary>
            Creates the specified request.
            </summary>
            <param name="request">The request.</param>
            <param name="sender">The sender.</param>
            <param name="users">The users.</param>
            <param name="group">The engine group.</param>
            <param name="binding">The binding.</param>
            <returns></returns>
        </member>
        <member name="T:Lextm.SharpSnmpLib.Pipeline.SnmpEngine">
            <summary>
            SNMP engine, who is the core of an SNMP entity (manager or agent).
            </summary>
        </member>
        <member name="M:Lextm.SharpSnmpLib.Pipeline.SnmpEngine.#ctor(Lextm.SharpSnmpLib.Pipeline.SnmpApplicationFactory,Lextm.SharpSnmpLib.Messaging.Listener,Lextm.SharpSnmpLib.Pipeline.EngineGroup)">
            <summary>
            Initializes a new instance of the <see cref="T:Lextm.SharpSnmpLib.Pipeline.SnmpEngine"/> class.
            </summary>
            <param name="factory">The factory.</param>
            <param name="listener">The listener.</param>
            <param name="group">Engine core group.</param>
        </member>
        <member name="M:Lextm.SharpSnmpLib.Pipeline.SnmpEngine.Dispose">
            <summary>
            Disposes resources in use.
            </summary>
        </member>
        <member name="M:Lextm.SharpSnmpLib.Pipeline.SnmpEngine.Finalize">
            <summary>
            Releases unmanaged resources and performs other cleanup operations before the
            <see cref="T:Lextm.SharpSnmpLib.Pipeline.SnmpEngine"/> is reclaimed by garbage collection.
            </summary>
        </member>
        <member name="M:Lextm.SharpSnmpLib.Pipeline.SnmpEngine.Dispose(System.Boolean)">
            <summary>
            Releases the unmanaged resources used by the <see cref="T:System.ComponentModel.Component"/> and optionally releases the managed resources.
            </summary>
            <param name="disposing">true to release both managed and unmanaged resources; false to release only unmanaged resources.</param>
        </member>
        <member name="M:Lextm.SharpSnmpLib.Pipeline.SnmpEngine.Start">
            <summary>
            Starts the engine.
            </summary>
        </member>
        <member name="M:Lextm.SharpSnmpLib.Pipeline.SnmpEngine.Stop">
            <summary>
            Stops this instance.
            </summary>
        </member>
        <member name="P:Lextm.SharpSnmpLib.Pipeline.SnmpEngine.Listener">
            <summary>
            Gets or sets the listener.
            </summary>
            <value>The listener.</value>
        </member>
        <member name="P:Lextm.SharpSnmpLib.Pipeline.SnmpEngine.Active">
            <summary>
            Gets a value indicating whether this <see cref="T:Lextm.SharpSnmpLib.Pipeline.SnmpEngine"/> is active.
            </summary>
            <value><c>true</c> if active; otherwise, <c>false</c>.</value>
        </member>
        <member name="E:Lextm.SharpSnmpLib.Pipeline.SnmpEngine.ExceptionRaised">
            <summary>
            Occurs when an exception is raised.
            </summary>
        </member>
        <member name="T:Lextm.SharpSnmpLib.Pipeline.TrapV1MessageHandler">
            <summary>
            Message handler for TRAP v1.
            </summary>    
        </member>
        <member name="M:Lextm.SharpSnmpLib.Pipeline.TrapV1MessageHandler.Handle(Lextm.SharpSnmpLib.Pipeline.ISnmpContext,Lextm.SharpSnmpLib.Pipeline.ObjectStore)">
            <summary>
            Handles the specified message.
            </summary>
            <param name="context">The context.</param>
            <param name="store">The object store.</param>
            <returns></returns>
        </member>
        <member name="M:Lextm.SharpSnmpLib.Pipeline.TrapV1MessageHandler.InvokeMessageReceived(Lextm.SharpSnmpLib.Pipeline.TrapV1MessageReceivedEventArgs)">
            <summary>
            Invokes the message received event handler.
            </summary>
            <param name="e">The <see cref="T:Lextm.SharpSnmpLib.Messaging.MessageReceivedEventArgs"/> instance containing the event data.</param>
        </member>
        <member name="E:Lextm.SharpSnmpLib.Pipeline.TrapV1MessageHandler.MessageReceived">
            <summary>
            Occurs when a message is received.
            </summary>
        </member>
        <member name="T:Lextm.SharpSnmpLib.Pipeline.TrapV1MessageReceivedEventArgs">
            <summary>
            Trap v1 message received event args.
            </summary>
        </member>
        <member name="M:Lextm.SharpSnmpLib.Pipeline.TrapV1MessageReceivedEventArgs.#ctor(System.Net.IPEndPoint,Lextm.SharpSnmpLib.Messaging.TrapV1Message,Lextm.SharpSnmpLib.Messaging.IListenerBinding)">
            <summary>
            Initializes a new instance of the <see cref="T:Lextm.SharpSnmpLib.Pipeline.TrapV1MessageReceivedEventArgs"/> class.
            </summary>
            <param name="sender">The sender.</param>
            <param name="request">The request.</param>
            <param name="binding">The binding.</param>
        </member>
        <member name="P:Lextm.SharpSnmpLib.Pipeline.TrapV1MessageReceivedEventArgs.Sender">
            <summary>
            Gets or sets the sender.
            </summary>
            <value>The sender.</value>
        </member>
        <member name="P:Lextm.SharpSnmpLib.Pipeline.TrapV1MessageReceivedEventArgs.TrapV1Message">
            <summary>
            Gets or sets the request.
            </summary>
            <value>The request.</value>
        </member>
        <member name="P:Lextm.SharpSnmpLib.Pipeline.TrapV1MessageReceivedEventArgs.Binding">
            <summary>
            Gets or sets the binding.
            </summary>
            <value>The binding.</value>
        </member>
        <member name="T:Lextm.SharpSnmpLib.Pipeline.TrapV2MessageHandler">
            <summary>
            Message handler for TRAP v2.
            </summary>    
        </member>
        <member name="M:Lextm.SharpSnmpLib.Pipeline.TrapV2MessageHandler.Handle(Lextm.SharpSnmpLib.Pipeline.ISnmpContext,Lextm.SharpSnmpLib.Pipeline.ObjectStore)">
            <summary>
            Handles the specified message.
            </summary>
            <param name="context">The context.</param>
            <param name="store">The object store.</param>
            <returns></returns>
        </member>
        <member name="M:Lextm.SharpSnmpLib.Pipeline.TrapV2MessageHandler.InvokeMessageReceived(Lextm.SharpSnmpLib.Pipeline.TrapV2MessageReceivedEventArgs)">
            <summary>
            Invokes the message received event handler.
            </summary>
            <param name="e">The <see cref="T:Lextm.SharpSnmpLib.Messaging.MessageReceivedEventArgs"/> instance containing the event data.</param>
        </member>
        <member name="E:Lextm.SharpSnmpLib.Pipeline.TrapV2MessageHandler.MessageReceived">
            <summary>
            Occurs when a message is received.
            </summary>
        </member>
        <member name="T:Lextm.SharpSnmpLib.Pipeline.TrapV2MessageReceivedEventArgs">
            <summary>
            Trap v2 message received event args.
            </summary>
        </member>
        <member name="M:Lextm.SharpSnmpLib.Pipeline.TrapV2MessageReceivedEventArgs.#ctor(System.Net.IPEndPoint,Lextm.SharpSnmpLib.Messaging.TrapV2Message,Lextm.SharpSnmpLib.Messaging.IListenerBinding)">
            <summary>
            Initializes a new instance of the <see cref="T:Lextm.SharpSnmpLib.Pipeline.TrapV2MessageReceivedEventArgs"/> class.
            </summary>
            <param name="sender">The sender.</param>
            <param name="request">The request.</param>
            <param name="binding">The binding.</param>
        </member>
        <member name="P:Lextm.SharpSnmpLib.Pipeline.TrapV2MessageReceivedEventArgs.Sender">
            <summary>
            Gets or sets the sender.
            </summary>
            <value>The sender.</value>
        </member>
        <member name="P:Lextm.SharpSnmpLib.Pipeline.TrapV2MessageReceivedEventArgs.TrapV2Message">
            <summary>
            Gets or sets the request.
            </summary>
            <value>The request.</value>
        </member>
        <member name="P:Lextm.SharpSnmpLib.Pipeline.TrapV2MessageReceivedEventArgs.Binding">
            <summary>
            Gets or sets the binding.
            </summary>
            <value>The binding.</value>
        </member>
        <member name="T:Lextm.SharpSnmpLib.Pipeline.Version1MembershipProvider">
            <summary>
            SNMP version 1 membership provider, who checks community names for security.
            </summary>    
        </member>
        <member name="M:Lextm.SharpSnmpLib.Pipeline.Version1MembershipProvider.#ctor(Lextm.SharpSnmpLib.OctetString,Lextm.SharpSnmpLib.OctetString)">
            <summary>
            Initializes a new instance of the <see cref="T:Lextm.SharpSnmpLib.Pipeline.Version1MembershipProvider"/> class.
            </summary>
            <param name="getCommunity">The get community.</param>
            <param name="setCommunity">The set community.</param>
        </member>
        <member name="M:Lextm.SharpSnmpLib.Pipeline.Version1MembershipProvider.AuthenticateRequest(Lextm.SharpSnmpLib.Pipeline.ISnmpContext)">
            <summary>
            Authenticates the request.
            </summary>
            <param name="context">The context.</param>
            <returns></returns>
        </member>
        <member name="T:Lextm.SharpSnmpLib.Pipeline.Version2MembershipProvider">
            <summary>
            SNMP version 2 membership provider, who checks community names for security.
            </summary>    
        </member>
        <member name="M:Lextm.SharpSnmpLib.Pipeline.Version2MembershipProvider.#ctor(Lextm.SharpSnmpLib.OctetString,Lextm.SharpSnmpLib.OctetString)">
            <summary>
            Initializes a new instance of the <see cref="T:Lextm.SharpSnmpLib.Pipeline.Version2MembershipProvider"/> class.
            </summary>
            <param name="getCommunity">The get community.</param>
            <param name="setCommunity">The set community.</param>
        </member>
        <member name="M:Lextm.SharpSnmpLib.Pipeline.Version2MembershipProvider.AuthenticateRequest(Lextm.SharpSnmpLib.Pipeline.ISnmpContext)">
            <summary>
            Authenticates the request.
            </summary>
            <param name="context">The context.</param>
            <returns></returns>
        </member>
        <member name="T:Lextm.SharpSnmpLib.Pipeline.Version3MembershipProvider">
            <summary>
            SNMP version 3 membership provider. Not yet implemented.
            </summary>    
        </member>
        <member name="M:Lextm.SharpSnmpLib.Pipeline.Version3MembershipProvider.AuthenticateRequest(Lextm.SharpSnmpLib.Pipeline.ISnmpContext)">
            <summary>
            Authenticates the request.
            </summary>
            <param name="context">The context.</param>
            <returns></returns>
        </member>
    </members>
</doc>
